{"count":1,"gauges":{"3DBall.CumulativeReward":{"count":99,"max":2.79999852,"min":0.100000165,"value":0.9000002,"weightedAverage":1.034142}},"self":17.8403696,"total":18.776822,"children":{"AgentSendState":{"count":876,"self":0.0077049,"total":0.036280799999999995,"children":{"CollectObservations":{"count":2112,"self":0.0097758,"total":0.0097758,"children":null},"AgentInfo.ToProto":{"count":2112,"self":0.0062387,"total":0.0188001,"children":{"GenerateSensorData":{"count":2112,"self":0.012561399999999999,"total":0.012561399999999999,"children":null}}}}},"DecideAction":{"count":876,"self":0.8692135,"total":0.8692135,"children":null},"AgentAct":{"count":876,"self":0.0289652,"total":0.029961599999999998,"children":{"AgentInfo.ToProto":{"count":99,"self":0,"total":0.0009964,"children":{"GenerateSensorData":{"count":99,"self":0.0009964,"total":0.0009964,"children":null}}}}}}}